#target	AtomData
Name	ljA0	ljEps
Z	2.00	1.00
H	2.40	0.03
He	2.60	0.02
Li	3.60	0.09
Be	3.20	0.10
B	3.00	0.10
C	3.40	0.12
N	3.20	0.11
O	3.00	0.10
F	3.00	0.08
Ne	2.80	0.03
Na	4.00	0.12
Mg	3.60	0.13
Al	3.40	0.14
Si	3.30	0.15
P	3.20	0.16
S	3.20	0.18
Cl	3.10	0.15
Ar	3.00	0.07
K	4.80	0.18
Ca	4.40	0.17
Sc	4.10	0.17
Ti	4.00	0.18
V	3.90	0.18
Cr	3.80	0.18
Mn	3.70	0.18
Fe	3.60	0.19
Co	3.60	0.20
Ni	3.50	0.21
Cu	3.40	0.20
Zn	3.30	0.18
Ga	3.20	0.18
Ge	3.10	0.17
As	3.00	0.16
Se	3.00	0.16
Br	3.00	0.15
Kr	2.90	0.08
Rb	4.90	0.20
Sr	4.60	0.19
Y	4.30	0.19
Zr	4.20	0.19
Nb	4.10	0.19
Mo	4.00	0.19
Tc	3.90	0.19
Ru	3.80	0.20
Rh	3.70	0.20
Pd	3.60	0.20
Ag	3.50	0.20
Cd	3.40	0.19
In	3.30	0.18
Sn	3.20	0.18
Sb	3.10	0.17
Te	3.10	0.17
I	3.00	0.16
Xe	3.00	0.09
Cs	5.20	0.22
Ba	4.90	0.21
La	4.60	0.20
Ce	4.50	0.20
Pr	4.40	0.20
Nd	4.30	0.20
Pm	4.20	0.20
Sm	4.10	0.20
Eu	4.00	0.20
Gd	3.90	0.20
Tb	3.80	0.20
Dy	3.70	0.20
Ho	3.70	0.20
Er	3.60	0.20
Tm	3.60	0.20
Yb	3.50	0.20
Lu	3.50	0.20
Hf	3.40	0.20
Ta	3.40	0.20
W	3.30	0.20
Re	3.30	0.20
Os	3.20	0.20
Ir	3.20	0.20
Pt	3.20	0.20
Au	3.10	0.20
Hg	3.10	0.19
Tl	3.10	0.18
Pb	3.10	0.18
Bi	3.10	0.18
Po	3.00	0.17
At	3.00	0.16
Rn	3.00	0.10
Fr	5.30	0.22
Ra	5.00	0.21
Ac	4.80	0.21
Th	4.70	0.21
Pa	4.60	0.21
U	4.50	0.21
Np	4.40	0.21
Pu	4.30	0.21
Am	4.20	0.21
Cm	4.10	0.21
Bk	4.00	0.21
Cf	3.90	0.21
Es	3.90	0.21
Fm	3.80	0.21
Md	3.80	0.21
No	3.70	0.21
Lr	3.70	0.21
Rf	3.60	0.21
Db	3.60	0.21
Sg	3.60	0.21
Bh	3.50	0.21
Hs	3.50	0.21
Mt	3.50	0.21
Ds	3.40	0.21
Rg	3.40	0.21
Cn	3.40	0.20
Nh	3.30	0.20
Fl	3.30	0.20
Mc	3.20	0.20
Lv	3.20	0.20
Ts	3.10	0.19
Og	3.10	0.10